{
  "logs.voice_log_nx7": {
    "sounds": [
      {
        "name": "logs/voice_log_nx7",
        "stream": true
      }
    ]
  },
  "logs.voice_log_nx8": {
    "sounds": [
      {
        "name": "logs/voice_log_nx8",
        "stream": true
      }
    ]
  },
  "server.server": {
    "sounds": [
      {
        "name": "server/server",
        "stream": true
      }
    ]
  },
  "core.shutdown": {
    "sounds": [
      {
        "name": "core/shutdown",
        "stream": true
      }
    ]
  },
  "access.granted": {
    "sounds": [
      {
        "name": "access/granted",
        "stream": true
      }
    ]
  }
}